<?xml version="1.0" encoding="UTF-8"?>
<project-private xmlns="http://www.netbeans.org/ns/project-private/1">
    <editor-bookmarks xmlns="http://www.netbeans.org/ns/editor-bookmarks/2" lastBookmarkId="0"/>
    <open-files xmlns="http://www.netbeans.org/ns/projectui-open-files/2">
        <group>
            <file>file:/C:/Users/unifgaoliveira/Documents/NetBeansProjects/Interface/src/pkginterface/Advogado.java</file>
            <file>file:/C:/Users/unifgaoliveira/Documents/NetBeansProjects/Interface/src/pkginterface/Empresario.java</file>
            <file>file:/C:/Users/unifgaoliveira/Documents/NetBeansProjects/Interface/src/pkginterface/Agente.java</file>
            <file>file:/C:/Users/unifgaoliveira/Documents/NetBeansProjects/Interface/src/pkginterface/Professor.java</file>
            <file>file:/C:/Users/unifgaoliveira/Documents/NetBeansProjects/Interface/src/pkginterface/Main.java</file>
        </group>
    </open-files>
</project-private>
